"","text"
"1","  smelled  scent  hand sanitizers      past       intoxicated  "
"2","hey  wouldnt     sense    players pay  respects    "
"3",""
"4",""
"5"," july media bulletin  novel coronavirusupdates  "
"6",""
"7","   change     recruiting specifically via recruiting "
"8","    wear  coverings   shopping  includes  visit   local community pharmacy "
"9","praying   health  recovery   covidpositive"
"10","pope  god prophet sadhu sundar selvaraj watch   hurricanehanna  "
"11","     response  please cancel  compartment exa "
"12","  logo graphicdesigner logodesign logodesinger icon minimalist abstract "
"13","     safe  "
"14","  protect ourselves    real     climbing  fast   continent   "
"15","rajasthan government  started  plasma bank  sawai  singh hospital  jaipur  treatment   pa "
"16","nagaland police   awareness  city tower junction dimapur  keepsocialdistance "
"17","july  update tamilnadu discharge people tested actice  chennai "
"18"," wave  "
"19","    darkest moments    focus    lightaristotle "
"20"," update  infection rate  florida  following  natural curve  experts predicted   initial cu "
"21","  patriots call  volunteer    election judge polls    "
"22",""
"23","  image doesnt list  source  id  careful  overall risk  dying statistics related  "
"24","  comprehensive review  wash amp  analysis key    wash  help reduce transmission "
"25","holy water  times  "
"26","kolar  blood type bpositive  jalappa hospital blood component  plasma  bve  recove "
"27",""
"28","  imagine   people profiting   human suffering  "
"29","tncoronaupdate tn crosses lakh mark  ppp  recovered    positive  total "
"30"," tax reform taxfree minimum   company  five hundred thousand euros   taxfree minimum "
"31",""
"32","actor   father mrgkreddy tested positive   days   vishal  "
"33"," update   total   recoveries  deaths reported  countries  africa   total numb "
"34"," regarding  community outbreak  "
"35"," safe   visit     guests   hotel  meticulous  applying hand sanitation  als "
"36"," ceo live  wsu talking   effects    students "
"37"," im feeling  little anxious  "
"38",""
"39","  borisjohnson   understood    hadnt missed cobra meeting five  "
"40",""
"41",""
"42",""
"43","britain didnt understand   months  plenty   countries  understand    effective "
"44","volume      please "
"45","delhi reports  positive   deaths  saturday death toll rises  reports ani quot "
"46",""
"47","tamilnadu  th july tn  spike total  chennai "
"48","  ruto  eulogisied mkapa   moses kuria raila rutoswindlinggema "
"49","coronavirus testing fiasco st mirrenhave pledged  undertake  urgent review    testing proced "
"50","coronavirus testing fiasco st mirrenhave pledged  undertake  urgent review    testing proced "
"51","tamilnadu  th july tn  spike total  chennai  "
"52","coronavirus testing fiasco st mirrenhave pledged  undertake  urgent review    testing proced "
"53","coronavirus testing fiasco st mirrenhave pledged  undertake  urgent review    testing proced "
"54","coronavirus testing fiasco st mirrenhave pledged  undertake  urgent review    testing proced "
"55","testing  lakh population  jammu  kashmir  reached     country recovery  "
"56","coronavirus testing fiasco st mirrenhave pledged  undertake  urgent review    testing proced "
"57","coronavirus testing fiasco st mirrenhave pledged  undertake  urgent review    testing proced "
"58"," reporting  yesterday people died  "
"59","crazy   world       americans   fight     "
"60"," people  relatives  died  "
"61"," coronavirus   deaths reported   united   date    "
"62",""
"63","due  "
"64"," video    stitches obesity زواجراكانالحربي carryminati myvsbutch "
"65","  instagram post   factscovid deaths rates  rising  lockste "
"66","local government sales tax revenue dropped percent yeartoyear    quarter thanks   shutdo "
"67","look  lil donny micro dick    astounding achievement  brilliance cognitive capabilities  "
"68",""
"69",""
"70","concealed nation million giveaway    familys safety    criminals "
"71","check  angels beautiful mask  hair bow designs  "
"72","thread  based  international research  evidence updated thread  children   sum "
"73"," municipality reports   fatality due   compared  yesterday  fatality  located  fa "
"74","  home walls   upgradation  opt   experts hire mumbaipainters    walls  "
"75","  shrink power sector growth  discoms   preuday era industry "
"76","saturdayvibes  current situation calls   awareness   stress  facilitate  families   "
"77"," economic measures  governments taking  respond  "
"78","  everyones fight   covered major disasters       vi "
"79","    government  hugely overestimated  danger   disease  wonder  hed  brave en "
"80","  time    spike     isvery hard  reverse   drastic lockdown   time  "
"81",""
"82","hi  time    preparation   reopening    doing  homework   "
"83","   money   beginning   pandemic  woman front line workers  "
"84"," ireland built   contract tracing app    successful         "
"85","rakesh sharma  business coach  india website salescoach businesscoach salesforce "
"86","  link       stuff  loony conspiracytheories    screenshot  "
"87","nstworld      nationaldayrally ndr   due  safe distancing requirements   result  "
"88"," cost  preventing  pandemics    decade  protecting wildlife  forests  equate  ju "
"89","learn     period    animations training ongoing click  link below  join   "
"90"," women lawyers write  amitshah seeking lakh loan  financially drained lawyer  coronavirus "
"91"," literally am using  own head   decisions  safety  "
"92","ok im angry    believe  stupidity      "
"93","durbanjuly   weekend yall   pity      facing    cant   person "
"94","    try "
"95","shout   earth hands   worst reaction   emergency ive  seen  lottery  shut   "
"96","tamilnadu  th july tn  spike total  chennai "
"97",""
"98",""
"99",""
"100","pr   father mrgkreddy tested positive   days   vishal  "
"101","        hit  hanna   hotspot  hurricane harvey   ongoing "
"102","    population  infected    trumpvirus maskitorcasket"
"103","   "
"104"," imagine thinking  toddlerinchief didnt ignore  ja "
"105","   dashboard  boost post"
"106","coronavirus  disproportionately affecting communities  color especially hispanic latinx ones   ho "
"107"," debates ensue  reopening schools amid   leader  nigeria  "
"108","companies  protect  workforces physical  mental health   crisis    smart technology "
"109","todays  total  todays sample todays cured total cured todays death total "
"110","drkawana minister  fisheries  marine resources whats  hold   please release announce  names  "
"111","      yesterday "
"112"," "
"113"," yes evidence  increased plus   guidance  due   global ppe shortage priority  "
"114"," school employees exposed  "
"115"," italy "
"116","cum check   ill dm  nudes onlyfansbabe ihaveajoke onlyfansgirl alreadyvideo "
"117"," cm  madhya pradesh  tested positive    scindia    tested  "
"118"," mayors reflect   evolving response   coronavirus pandemic click  lin "
"119","bihar witnesses biggest singleday spike     "
"120","lunch  "
"121","weve captured  snapshot   amazing vcse response    pandemic  salford     thank "
"122",""
"123","punjab govt warns people   click   url circulated via smswhatsapp claiming  relief package  rs "
"124"," worst type  spread "
"125"," fargo tightens purse strings  ride  coronavirus pandemic read  cdc "
"126","    informative   lots    especially    school age kids "
"127"," agreed    mean  exactly     travellers   educatin "
"128","veteran affairs reports     deaths bringing total confirmed      "
"129","irish home commercial building model   perfect breathing groung   "
"130","thinkpiece  gender  climate change   context   "
"131","leicestershire residents   develop   symptoms  mild ones book  test immediately  "
"132","im emotionally exhausted    coming soon "
"133","actor   father  gk reddy tested positive    couple  weeks ago vishals  "
"134"," imaginegoing   sitting   average  nearly days    car  standstill traffic  lo "
"135","global fatalities chart    hourscovid bolsonaro trump modi "
"136"," dont drown  falling   river   staying submerged    saturdaymotivation truth "
"137",""
"138","sounds  plandemic       life heres  thread    run  debunks  major cl "
"139","     trum "
"140","      affected  social anxiety wearing   mask  amazing  feel slightly hidden fro "
"141"," id pay  republicans  leave america "
"142","vietnams  level  preparedness  prevent  spread deputy pm "
"143"," youre totally wrong ecuador   latin american country    causable mortality wit "
"144","  fatigue people  front lines   replace   fatigue "
"145"," provided  north devon tourist attraction   digital "
"146","mask print "
"147","republicansforbidennow  republican   trumps own words    searing swingstate ad "
"148","  course  "
"149",""
"150",""
"151","learning  fun   surprisingly  easy  join wlf nigeria ambassadors  promote learning  "
"152","todays  day  "
"153",""
"154"," art"
"155",""
"156","  quick estimates   arizona post apex recovery rate  avg peak  confirmed  "
"157",""
"158","kerala private hospitals  treatment rates   ward hdu icu icu ventilator  "
"159","due   epidemic im giving   person   looking     able   round   "
"160",""
"161","     deaths  uzbekistan gmt coronavirus coronavirusupdate  coronaviruspandemic"
"162","bignews rajasthan governor kalraj mishra appeals    recovered patients  donate  plasma  "
"163",""
"164",""
"165","local tv stations owned  sinclair broadcast   set  air discredited plandemic researchers conspiracy th "
"166","photos "
"167"," yes   learning     day amp  listening   science "
"168","alhamdulillah coronavirus  deaths reported  hours  qatar qatar  coronavirus "
"169","praniks giloy capsules   farreaching benefits  fight   infections  boost  immunity "
"170"," pcrcbnaattruenat tests  rapid antigen tests conducted   total  test "
"171","    dead  "
"172","virtual chro paneldiscussion  reimagining workplaces amid   july register "
"173"," actions killed   killing whats  word    people  willfully  intention "
"174"," people   shops supposed  wear  covering "
"175","delta flight departing  detroit      guests refuse  wear masks airlines coronavirus "
"176"," please   educate    application process  physical presence isnt  due  "
"177","puerto rico reports     deaths bringing total confirmed     total de "
"178","  positive  patients recovereddischargedmigrated  deaths  delhi    "
"179",""
"180",""
"181",""
"182","        shorter line  arrive min    brewer testing center   "
"183",""
"184","deeply saddened   untimely demise  constable krishna kanta burman due  "
"185","maharashtra government cuts syllabus   students  class  view   pandemic  school  "
"186",""
"187"," unlike    federal government  depends  funding  fees  collects  citizenship gree "
"188","  parents    flexibility    home  send  child  school   datainformation "
"189",""
"190",""
"191","rutlands own supporting  testing "
"192","  time   beloved survivors  "
"193"," feeling    symptoms     "
"194","   understand improving quality  represents  soap  water  wash  hands   "
"195","    spread lies hate sexual violence  murder  foxnews"
"196",""
"197",""
"198"," delhi reported    deaths  taking  total      death tally  "
"199","  tech leaders help position  organizations "
"200",""
"201"," "
"202","   "
"203","successful openingday   grandslam walkoff  mattolson   else thinking six feet   ce "
"204",""
"205","   deaths    fourth day   row  questions   global supply chains ability  "
"206","    affected   brief  lock    time     animals   permanent "
"207"," positive  patients recovereddischargedmigrated  deaths  delhi    "
"208","check    article  supply chain risks   thwart  successful  vaccine "
"209","stop foggy glasses   hack "
"210","symptom duration  risk factors  delayed return  usual health  outpatients  "
"211",""
"212"," thats  admission  probably   truth   hear     regr "
"213","   bad times    appreciate   ones jeffrey duarte depression "
"214","pr   father mrgkreddy tested positive   days   vishal  "
"215"," pink "
"216","national   impact     elder population    societal loss  wisdom history    "
"217","  andhrapradesh    deaths  samples tested  discharged  "
"218","ale eye opener rep john lewis remembered global pandemic news "
"219"," uncle  tested positive     lost family  please wear  masksocial distance "
"220","venrap radio  playing venrap radio  stay safe   "
"221"," anxiety surrounding   caused bipolar  chrons disease  flare   badly read    "
"222",""
"223",""
"224","coronavirus update nearly countries report record singleday increases  infections  records  "
"225","      insurance   economic burdens   pandemic tens  millions  america "
"226",""
"227",""
"228","manufacturing production activity begins  echo trends indicating  industry normalization   "
"229","covidupdates ap records         hours taking  tally  deaths wer "
"230","economies participating   asiapacific economic cooperation "
"231","world news  shoened  busy people politics trump money wisdom leadershi "
"232",""
"233","july  trend report  dallas tx dfw   hospitalizations deaths day average "
"234","cautious optimism arizona   plateauing  "
"235","   test   easier    wealthier whiter neighborhoods testingwhileblack "
"236"," sit     amp   solution please parents   "
"237","   realized  trump amp   win god forbid   finally stripped aca "
"238","pleased  share   results  worldwide survey  impact  "
"239","remember  trump told    day   miraculously dissapearhe  talking   family friend "
"240","hon municipal commissioner shravan hardikar appeals   patients recovered    donate  "
"241"," feet apart  masks indoors  bad examples       kids wear em "
"242"," truth         coronavirus update saturdaymorning saturdayvibes "
"243",""
"244"," cs   term  hadnt heard   advice goodadvice  "
"245",""
"246","    yesterday  "
"247","yes wakeup  fake plandemic exosomes virustheory    real virus saynotobillgates "
"248","  pleased  announce  inclusion   virology laboratory university  nigeria teaching hospital enugu "
"249","  apartment buildings exempt   mask requirement  makes  sense theres probably people   "
"250"," tips   friends  "
"251","ale parents decide   send kids   school  coronavirus spreads faster   global pandemic "
"252","  football jersey count  md   nfl opting   care   medbikini  "
"253","  stopped    pandemic  havent   information  lala   contacted "
"254","pandemic  push   carolina families  home school miami herald "
"255"," impactful video   liv mcneil demonstrates  minutes   students  outdoor learning "
"256","government tabla player     countries  pandemic   "
"257"," everythings changing     start playing  version  sweet caroline  games th "
"258","   sources    guidance     cdc         check  sour "
"259","  brilliant   people awake   accepting  "
"260",""
"261","businesses"
"262",""
"263","   doing  travel credit  stimulus"
"264","thanks  stressing personal responsibility   "
"265","follow  advisory  fight    workplace  safety    hands stay alert stay safe "
"266"," "
"267",""
"268",""
"269",""
"270","     commendable step    personnel  regard  fight  "
"271"," development   worrying   continue   monitored  closely   rki   exacerbati "
"272","    awesomeness  dont    bbnaijia rihannaxtiwa alreadyvideo  "
"273","   beginning yrs ago  wonderful  addition   family marley  brought    muc "
"274",""
"275","      vaccine   coverings   stay  feels   massive shift towards   "
"276","      loneliest  anyway wearamask realmenwearmasks toughguyswearmasks "
"277","dr ebrahim janahi ceo  tamkeen confirmed  supporting sectors affected   coronavirus pandemic  reac "
"278"," coronavirus  linked  altaqwa college  melbourne   commentary  nearly  existent imagine th "
"279",""
"280"," yes  hoody trayvonmartin  mask     followers  dont   real friends   "
"281","absolutely exceptional situations  extraordinary solutions   fight   battle  usual measu "
"282",""
"283","help slow  spread    identify  risk  sooner  selfreporting  symptoms daily    "
"284"," testing programme  cyprus customer service employees ongoing source "
"285"," late baby sister left   sons  eldest       diagnosed   hes  "
"286","covidupdates      hours   till am apfightscorona covidpandemic "
"287","remember  nonsense  obamacare  death camps     gop  charge   pandemic    "
"288","bbcaq oh yes  am     perfectly happy  selfcertification re distress  wearingamask wearamask viralload "
"289","students  stressed due   pandemic    mentally prepare   examsmoreover     "
"290","bored  saturday morning tired  reading  drama   break  watch ginger    shoes "
"291","   green list  weve     doorstep "
"292"," called   inquiry   influence  "
"293"," director   speaking shortly   peoples assembly event   future  industry jobs  rights   "
"294"," review   recent study  retracted  connected    "
"295","hello twitter delighted  share     innovators creators   leaders visit  website  "
"296"," headlines topnews   hour rajasthan political crisis  stage sitin outside pm house    "
"297"," exgoper amazing     pandemic    regret  choice  hey  late   "
"298","   weeks   limited population       test positive  "
"299","dear    vaccine goes  market please repeal  act  removed liability fro "
"300"," countries  reopeningschools  guess   countries arent  raging hotbed    "
"301","  rough    clubs shut  newyork   hit     suggestions  online "
"302","wow  surprised  am  impressed  mia  understands  rule  waiting  brother fraser   "
"303","france  require onthespot  tests  travellers coming  countries united  brazil alg "
"304"," devils laughing   "
"305"," nope  coronavirus cantstopthetruth "
"306","       lifeuntil nov  day   election   lockdown charade  meani "
"307","doing    help fight    threats addressing  issues  sanitization   pandemic  "
"308",""
"309"," comments   mishandling  senior "
"310","  people praise thee  god    people praise thee    earth yield  increase   "
"311","  cant    coffee shop     reimagine  outdoor space    morning reading "
"312","  croatia       death active  "
"313","  textile  reusable mask   proven ability  inactivate   coronavirus   responsible fo "
"314","  ok   little disturbing       data   korea   youth study   "
"315"," mishandling   pandemic response  lead   excess deaths  premature death   losing game "
"316",""
"317","hush puppy  charged  online fraudster    call  bunch thieves  visible nigeria politicians wa "
"318","andhrapradesh reports     saturday   tally goes    death toll increase "
"319","  guy   wearamask realmenwearmasks toughguyswearmasks maskssavelives "
"320","  "
"321"," trump gop amp  unfit  office  plan return  school church wo "
"322",""
"323","rajasthan government  started  plasma bank  sawai  singh hospital  jaipur  treatment   pa "
"324","help slow  spread    identify  risk  sooner  selfreporting  symptoms daily    "
"325","july jimmy deanishxish  panel "
"326"," reminder     nature       physically   "
"327",""
"328","     deaths   united  gmt coronavirus coronavirusupdate  coronaviruspandemic"
"329","  teachers dont ignore  chaos   world outside  classroom writes instead   "
"330",""
"331"," hope   watching  news    report death    dying  "
"332","      enjoy  telecommuting remoteteaching remotelearning barbados beachoffice "
"333","county health department closes dutch farmers market  "
"334","five     sorsogon include  teenagers bicolnews "
"335",""
"336",""
"337","   netherlands  fatalities hospitalisations di "
"338"," surfer walks  recreio dos bandeirantes beach amid  coronavirus disease  outbreak  rio de janei "
"339"," recovery  home requires space  prevent infection   living    roof    "
"340","outofjob actor kartika sahoo sells vegetables  odisha  survive  lockdown "
"341",""
"342"," breaking share    admit   asymptomatic person      sy "
"343",""
"344","fiji   active    novel coronavirus diseasecovid "
"345","      reported  delhi   past hours taking  total     "
"346","barcelona legend xavi hernandez  tested positive     head coach  qatars al sadd   soc "
"347","riseandgrind help  cope   ifollowback"
"348","  government  rajasthan   poor pro look    slum   sitting     "
"349","active    assam india  increased    hours   hour data  mohfw goi"
"350","   business  dealing  "
"351","university  kentucky     somerset community college  create  advancements  mask filtrati "
"352","   safely restart nonemergent "
"353"," express entry draw figures   july draw  below immigration expes "
"354","    brain tickled    test   told  check  website   results   "
"355",""
"356","ladies date ur mate ull nor hear  babe     knees  hr  cause  called  boyfriend ode "
"357"," love  wicked "
"358",""
"359","heres startups  businesses      technologies  expertise  fight pandemic "
"360",""
"361"," wearing sunscreen        kills    "
"362"," andaman tourism isnt  amp theres  income   police  tell  crime    commit amp   "
"363"," access gp essay  mobile phone apps fail   vulnerable "
"364","  trump cared    protecting adults  school children   pandemic     protec "
"365","         distinct   "
"366","  countries  reported disruptions  childrens immunizations  "
"367","connecticuts total prison amp jail population  dropped    low   march st "
"368","running   balance   sma  recharge online stayhome  care   smart  "
"369"," online retail sector  busier     outbreak  "
"370","  dont wanna miss  bbnaijia alreadyvideo rihannaxtiwa obasekiflagsofftoday  "
"371"," speed   spread  "
"372",""
"373"," relief  temporarily allowed students  stop   payment  set  expire  september th  "
"374","rss meet discusses bhoomi pujan  ram temple indiachina standoff   issues amid  crisis sources "
"375","andhrapradesh  andhra pradesh  positive   discharges ne "
"376","  safetyfirst world brands  offer customer experiences ensuring wellbeing  convenience set themsel "
"377"," weekends "
"378",""
"379"," miss      duty    story  noman saghir  doting father  lab technician    "
"380","     world beating test track amp trace system   whi "
"381","surely   carried   correct risk assessments  allow  children  play football     "
"382"," business decision   using  medical career    decision   "
"383",""
"384","   "
"385","amazing   using  partnership   "
"386",""
"387","revovered corona bve plasma donor     donate plasma dm urgently required kashmir srinagar "
"388","due  overflow  hospital capacity   patients  starr county texas  committee  deem  pat "
"389","mamas  corona third generation owner irene debenedittis  encouraging  workers  treat  customers lik "
"390","  institutions    forging ahead  oncampus inperson classes activities  fall terms  "
"391","kaga maga please  kills dont fall   lie  vaccine        happens  "
"392","     dutch government   legally mandate parents  send  children  school   "
"393","  andhrapradesh    deaths  samples tested  discharged  "
"394","help slow  spread    identify  risk  sooner  selfreporting  symptoms daily    "
"395"," compared   rest   california labor force asian americans    school "
"396"," australian   crowds player biosecurity ausopen australianopen coronavirus  "
"397"," "
"398",""
"399","guys    party      isthisserious gambia  "
"400","   okay   cant visit  granny   nursing home     doors visit "
"401","inline  uks goals towards promoting quality mentorship opportunities   persons   "
"402","  covering policy  created   guidance   onstaff corporate medical team public health offic "
"403","       unlikely experts     whats   "
"404","summer garden party  time "
"405","     "
"406",""
"407","wear  mask stay safe    safe  besafe peraktbg abstraxmax puma pumaone "
"408","  resuming movie shootings    interview  janasena powerstar vakeelsaab "
"409"," "
"410","help slow  spread    identify  risk  sooner  selfreporting  symptoms daily    "
"411","      foreseen    uk        position     lo "
"412","yesterday "
"413","wit  econs meltdown bcos  "
"414","yestwrday  friends brother died  zimbabwe  called  ambulance  pm    pm "
"415","ahmedabadrain finally  looks  rainy season  started    doesnt brings hike   infec "
"416","children  affected infected  dying  florida   reopensafely reopeningschools health  "
"417","history    account   dead    wicked "
"418","ants   pesky creatures       learn       writes   "
"419"," government   slow  act     admit   followed    lead   hard  "
"420"," observations  day  mandatory  masksim seeing  lot  chin masks  people walking  wi "
"421","delhi  update jul   total july  total deaths total disch "
"422",""
"423",""
"424","  dont   maskjust    provide      contribution   west midlands air am "
"425","ale pregnant women  risk  death  kenyas  curfew global pandemic news coronavirus  "
"426",""
"427","check    spotify   gospelhouse godgotthis "
"428"," double   "
"429","help slow  spread    identify  risk  sooner  selfreporting  symptoms daily    "
"430"," "
"431","sign  alert  stop deadly mass killing  "
"432","     look     own       "
"433","  islam  islamism "
"434",""
"435","andhrapradesh reports     saturday   tally goes    death toll increase "
"436",""
"437"," please dont     bunch  storm troopers  migrant workers  afraid   deported  "
"438","wear   cover  pay fine  laws imposed  london "
"439","covidupdates ap records         hours taking  tally  deaths wer "
"440","remember  drumpf  texasisheeling  theyre getting screwed  times     mentio "
"441","ringway preston th   th july    releasing  video  weekend   past co "
"442"," statistics   "
"443","     doing  masks  social distancing  crowded falls attractions cbc news "
"444","   im buying    rumours    locked   restricted     forget   "
"445"," remember  "
"446"," increased testing  samples    fatality rate  significantly dropped   saturday  "
"447","cdc changes  guidance    people    isolated via "
"448","  plea  "
"449",""
"450","   rise beyond  level   knowledge       acquiring   helpful informatio "
"451"," students tested positive  coronavirus  taking  act   oklahoma  school "
"452","sending  science deniers home   fellow magats "
"453","homemade cloth  masks    minimum   layers  preferably   prevent  dispersal   "
"454","    rehearsal  "
"455","andhrapradesh andhra pradesh registered singleday spike   positive  amp deaths   "
"456","    dealing    outbreak  survey developed  psychologists    world "
"457",""
"458","actor   father mrgkreddy tested positive   days   vishal  "
"459","  resuming movie shootings    interview  janasena powerstar vakeelsaab "
"460"," wwe employee  contracted  via wwe wrestlemania  coronavirus "
"461","thats      productive quarantine   hard assignments  quizzes productive  "
"462","   help people opting  home isolation tribeca care      remote monitoring package cont "
"463"," restriction extended  kupwara till august coronavirusupdate fightagainstcovid pandamic "
"464","    press knock      change  tone  week  trump  "
"465","  thank    team cenit college  nass   ongoing support   "
"466"," personal view   sustainable biobanking networks  "
"467","  worsened   dire opioid crisis   fewer social supports people battling addictions mu "
"468","passengers cheer  karen  kicked  flight  refusing  wear mask airlines coronavirus  mask "
"469","corona alert  arrivals  chennai tested positive   raising  total  sri lanka  "
"470","oh  fvcks sake stop   bs trump   changed  tone  cnn weeke "
"471","teachers dealing  gettin  students  virtual class   parents     help    eithe "
"472"," "
"473",""
"474",""
"475",""
"476",""
"477",""
"478",""
"479","   "
"480","weve progressed      joking  "
"481","    doesnt lock   stupid   reap   sowed    "
"482","  packem   schools  late summerfall  mistake        major disease vecto "
"483","  imagine  "
"484"," schools reopen  spread  "
"485","hello dorathians  hit  followers  twitter kindly retweet  follow "
"486"," coimbatore district administration announcing complete lockdown  pm  saturday till am  monday  "
"487"," "
"488",""
"489","   roles  survelliance team play   community   respond    support women  girls ex "
"490","hurricane  hit   major  spread amp  hospitals      "
"491",""
"492",""
"493","srv   hospitals  dedicated   neighborhood healthy  book  appointmentr  srv experts call "
"494","     deaths  uzbekistan gmt coronavirus coronavirusupdate  coronaviruspandemic"
"495","  million dead  "
"496"," somalia heads  political campaign   elections  political instability   time  reverse  "
"497","     twirp   family "
"498",""
"499","spike     outpaces testing expansion  "
"500","ale rightwing people    wear  masks global pandemic news "
"501","england reopen swimming pools  gyms hoping fitter nation  minimize impact  coronavirus "
"502",""
"503",""
"504",""
"505",""
"506",""
"507",""
"508",""
"509",""
"510","    quick route fix  success    price    pay    success  desire "
"511"," yes green    fault  time   foot    heck  quarantine means quarantine  "
"512","      pandemic     mass hysteria   believe   kill      "
"513"," covidvic     sick leave  feel   lose  jobs    time   "
"514",""
"515",""
"516","symptom clusters    potential clinical prediction tool    symptom study ap "
"517","jib madagascars  herbal medicine   cure cough health minister osagie ehanire "
"518","glad   "
"519",""
"520"," hey esey  thread   compiled    read   "
"521","   brought   types  decision makers  respond  crisis using common sense awarene "
"522","    look  carl vernon "
"523","  dad   native floridian   spent lots  time  fl visiting relatives  exploring  "
"524","globally people recovered  covidー   yesterday times   days ago "
"525",""
"526","icu  puri district headquarters hospital sealed  patient tests positive   odisha "
"527"," "
"528"," please  soon  unblocked  debit card     danger   bank  pandemic "
"529","stay safe   washing  hands stayathomeandstaysafe stayhomezim  "
"530","due  "
"531"," "
"532","mumbai bmc seals navjivan coop housing society following spike    mumbai "
"533","love   "
"534","  situations   spread  people  animals    sick avoid contact   pet  kee "
"535","finally cdc  crawling     acknowledge  term impacts  "
"536","resources  help "
"537","srv   hospitals  dedicated   neighborhood healthy  book  appointmentr  srv experts call "
"538",""
"539","nstnation  proved    costly night   people    slapped  rm compound  aft "
"540"," farmer forced    daughters instead  oxen  pull  plough   fields due  financial crisis du "
"541","dont concentrate   ive lost friends  suicide amp cancer      message check  th "
"542","actor   father mrgkreddy tested positive   days   vishal  "
"543","victoria please goto stage restrictions   rising   entirety      melbourne "
"544","       vote  person "
"545","hahahahha  morning humor "
"546","social distancing   necessity  gucecs grand complex  opengrounds  social distancing easy book  "
"547","   twitter      florida gator grateful   lord   tribe st generation student  "
"548","dont  stuck   fear failure   wanna rise    potential    life count  st "
"549","  positive  patients recovereddischargedmigrated  deaths  delhi    "
"550","coronavirus  covidー georgia dph july viral tests pcrmolecular pcrmol ca "
"551"," dont   lot  articles  granny  grandpa dying    theyre  newsworthy art "
"552","coronavirusupdate coronaviruspandemic  coronavirus  reduction  active  recov "
"553","mistake  florida  child "
"554","uttar pradesh booked  offering friday prayers  jatara village amid  pandemic "
"555"," "
"556","checkout  video  ruths sacrifice obesity carryminati myvsbutch "
"557","  congress  investigate whatever  believe      exercise fairness  accuracy "
"558","  "
"559",""
"560",""
"561",""
"562","    worry    globalpandemic called    killed  "
"563","   interactive dashboard  "
"564","    texas sinclair stations  boycott "
"565","vadodara  tally      samples east west north south rural discha "
"566","  published   promote  hygiene habits  kids  kids "
"567"," amp  father mrgkreddy tested positive   "
"568","  proroguing  parliament closed gov dec ignored "
"569",""
"570",""
"571",""
"572","thankfully  am  epidemiologist   "
"573","   awesome please try  consider  collaboration  trust      "
"574","   happening  neighboring pakistan   daily deaths  june    daily "
"575","thats encouraging  ireland "
"576","  relied   arts     lockdown    arts   relying   industry  facing "
"577","mask print "
"578","una don hear entaglement rihannaxtiwa obasekiflagsofftoday  bbnaijia bbnajia laycon dora "
"579","leaving   "
"580","airborne route  bad   ventilation systems  nonnegligible factors  sarscov transmission "
"581",""
"582",""
"583",""
"584",""
"585","warning health hazard "
"586","call  china virus  people  blame china   wont blame    government "
"587","shivraj singh chouhan    completely healthy  getting admitted   hospital  bhopal "
"588","usa million    coronavirus  fatalities   instant  time     "
"589","help slow  spread    identify  risk  sooner  selfreporting  symptoms daily    "
"590","     wave  "
"591","help slow  spread    identify  risk  sooner  selfreporting  symptoms daily    "
"592","alignable   network  local businesses connect    callthemfirst selectrestoration "
"593","usa people  reported   hospitalized  friday  "
"594","ale federal agents  tear gas   portland protest global pandemic news coronavirus  "
"595","australias  death toll rising rapidly lockdownmelbourne quarantinelife"
"596"," trump pharma drug deal saves  citizens  dems benefit  trump newyork "
"597",""
"598","bountyonourmilitary treson  john "
"599","brazil president bolsonaro tests negative  "
"600",""
"601"," idiots   refused treatment   catch "
"602"," ignorance   finest "
"603"," doctors urge   shutdown record   deaths  insist schools shoul "
"604"," sign protect  people    ill deliver  copy   officials  "
"605","dogs  sniff     saliva   people  healthy  infected "
"606"," youre      denial   run  country   fing ground  hope  vet "
"607"," surprised        virus   disappeari "
"608","  delivered impending evictions  catherine  constituent  pittsburgh pa  pa papol "
"609"," texas hospital overwhelmed  "
"610","  recall  horror   impact        covidusa "
"611"," day     florida growth     days texas growth     "
"612","add ngurah rai international airport   list    bali      "
"613"," "
"614"," properly stated ladies  gentlemen  live   clown planet tata  plandemia scam"
"615",""
"616","due  "
"617"," am told   person  received plasma   doing   testing ve  person  suffe "
"618"," "
"619","     stations  wwmt  sleep  night "
"620","   spurred investments  digitaltransformation amp india   cusp   digital revolution "
"621"," friend  selling pillows  cushions variety  fabric color  design based  pretoriabooysens pri "
"622","yikes people  queens park   thinking hard  pumping  brakes  reopening "
"623"," concerning  travellers  newport  "
"624","col michael cook amp sgt st class luis cornidez  medical command urban augmentation medical ta "
"625","according  data pakistan successfully flattened curve       coronavirus patients hav "
"626"," "
"627","bangladesh records   deaths "
"628","yesterday  sunbelt conference met  referees     plan       safe  spec "
"629",""
"630"," "
"631",""
"632","mother nature sent humanity   dire warning amp  minute pretest   learn       "
"633","nearly crore samples   tested  india     country  registered  lakh positive  "
"634"," day ahead  launching voter registration  jammuandkashmir   online referendum campaign   "
"635","   talking  "
"636"," canadian driver  stop   locations   tested  free "
"637"," "
"638","evidence  airborne transmission   main route  spread  sarscov infection   policy implicat "
"639"," excellent analysis   failure  "
"640","survey    week    outbreak  italy suggest  people   highly resilient especiall "
"641"," savior  humanity   imam zaman trump israeel american blacktranslivesmatter iran netanyahu "
"642","updated "
"643","  location social webinar series episode whitefield bengaluru  conversation  home buyers ash "
"644"," ur  normal hardworking patriotic taxpaying republican   required  abide   law   ur  insan "
"645","  preprint infectivity susceptibility  risk factors associated  sarscov transmission  "
"646","coronavirus report  hills steve clemons interviews "
"647","    months ive  "
"648","    nationalists         politicians shes worse  johnson "
"649",""
"650",""
"651"," love  borders "
"652","updated "
"653","  "
"654","  mutation helps outbreaks spread quicker expert "
"655",""
"656","sarscov outbreak  meat processing planttransmissions     distances  airconditioned   "
"657"," americans  dead  coronavirus  hey pawpatrol isnt canceled   shitting  jesus "
"658",""
"659","topgunmaverick aquietplace   starwars films postponed due   pandemic  "
"660"," stressing      sleep  coronavirus  lifestyle healthtips "
"661"," "
"662","join amp  july   webinar    deploy   response  preserving  "
"663",""
"664","administrators  uc berkeley  announced  fall semester  begin   remote instruction "
"665"," theres   "
"666"," "
"667"," "
"668","  story  saying    dead "
"669","coronavirus  infect people feet   cold moving air  study  recreated  outbreak   german  "
"670","   stopped  thoughcovid "
"671"," durbanjuly mask  butterfly symbolize hope  dark time  stayconnected vdj "
"672","updated "
"673","     deaths  india gmt coronavirus coronavirusupdate  coronaviruspandemic"
"674","zlatan ibrahimovic    undertaker  football    total beast   pitch arrestbuhari bbnaijia "
"675"," gt smi   offering protective  shields fight   "
"676","  preprint decreased incidence virus transmission capacity  severity    altitude  th "
"677","    golf game  "
"678"," fake "
"679"," win  trump reduces drug costs seniors benefit huge medicare people costs    "
"680","  cope   via "
"681"," "
"682","im   worried       ive exposed  elderly grandmother  father whos  lifelong  "
"683","   published  june  comprehensive review  existing evidence supports physical distanci "
"684","  miss himss webinar   share  growth opportunities connected   "
"685","international friends      world    sort    schooling crisis  "
"686","meanwhile absurd conspiracy theorist david icke continues  encourage people  harm themselves   taking  "
"687","  preprint concerns quality  life access  care  productivity    population  "
"688","  management  "
"689","     pandemic   fall  dog memes   ht "
"690","icymi youssef belhaissi  tv host amp union leader  morocco  fired  workers  med tv sought  sa "
"691","colly sweetness  love  daddy official video  african story written  colly sweetness "
"692","    washing  hands  time  return home  kill  virus youve picked  outside "
"693","living  poverty  bad   health    via "
"694"," christ   pathetic idiot  woman  haha  feel    obviously  ser "
"695",""
"696","read  article  training  safety  healthcare professionals   posted   monthly news "
"697","positive     increased  safe    friends  protect   maskupwv "
"698"," "
"699","finally brazilian president tested negative     test   tests positive "
"700","    getting rid  contract cleaners        theyve   "
"701","strokes brain inflammation psychosis  dementialike symptoms   linked   researchers  sai "
"702","     identity "
"703","   joke  real "
"704",""
"705",""
"706"," "
"707"," insight    dont offer  antibody testing    nasal swab tests  taking    "
"708",""
"709",""
"710"," nysports medicine physician asst prof  columbia university medical center team physician  ski snowboard team ny times super doctor immigrant false texas hospital  "
"711","germany braces    coronavirus wave amid rising infections newclusterstraced  larger celebrati "
"712"," maharashtra india   confirmed   reported   hours info via mohfw"
"713","utahs story  mirrored     country  leaders sidelined public health experts  forged ah "
"714","  "
"715",""
"716",""
"717"," "
"718","peace    holding  grudge life   short music love support artist lovewhatyoudo "
"719",""
"720","            "
"721","  besides medical staff   complaining  wearing  mask wearadamnmask  coronavirus "
"722","  exactly    afraid  happen  cant   puerto rico response   feds "
"723"," "
"724",""
"725","coronavirus fears   wave  germany    jumps    days outbreakstraced   "
"726","washing  hands        protect yourself    millions  people  refugee  "
"727","hashtags seguros segurodevida  estamoscontigo quédateencasa brokerdeseguros corredordeseguros "
"728","  update  coronavirus    uae weareallresponsible youareresponsible "
"729","   daily reminder  china lied  media complied  people died  chinaliedpeopledied"
"730"," "
"731"," trip   shops  days     mandatory mask wearing  lawseen  people wearin "
"732","  urge  canadians particularly  adults       fatigue  age   "
"733","   change     recruiting specifically via recruiting "
"734"," situation  south indian    glanceon july testing statistics  tamilnadu amp "
"735"," "
"736","   singleuse masks gloves amp bottles  sanitizer      streets   seas amp  wil "
"737"," callforcode submission deadline  climatechange amp  solutions  july st  top call  "
"738","actor   father tested positive   days   vishal  fat "
"739",""
"740",""
"741",""
"742",""
"743",""
"744",""
"745",""
"746",""
"747",""
"748",""
"749"," age    invincible       cent   reporting   publi "
"750","srsly  getting   hands   ihaveajoke ihaveajokeon "
"751","tens  thousands  americans   infected   daily millions  imminent eviction  peaceful "
"752","iit kharagpurs portable device  test   rs  covidtesting  "
"753","     stations  wwmt  sleep  night "
"754","updated "
"755","fashion  pandemic  trillion  fashion industry   "
"756"," africa map puzzle   rustenburg  hartebeespoort alreadyvideo  djsbu "
"757"," maskscoverings   mandatory  public spaces   gambia   july  urge  citizens  adher "
"758","updated  preprint  integrin binding peptide atn   novel therapy  sarscov infection "
"759","  bought   mask   air valve   bushfires          allowi "
"760"," youre life      circles     symptom   "
"761","people  businesspersons living  continued stress economy crisis debt loan grant "
"762","homeschoolers  set  children free  education automation  learn whatever    learn   "
"763","         common sense unfortunately people  ignoring   covidー coronavirus"
"764"," "
"765","rajasthan government  started  "
"766","inspirational life inspirational motivation  telangana andhrapradesh india "
"767","     romania     negative record soon romania   blacklisted travelling "
"768","despite   pandemic  fitness equipment brand  taiwans johnson health tech   "
"769",""
"770","coronavirus world map  countries       deaths "
"771","     couldnt save themselves  "
"772"," difficult   positive      friend  talking  "
"773"," proactive response strategies   business challenges  products  channel  infrastr "
"774","         improve healthcare services   county complete  short survey  hel "
"775","     reminding handwashing wearamask socialdistancing  pivotal  achieving control  "
"776","    family  plans  weekend     mind   "
"777","initial results    twophase trials   vaccine conducted  five trial sites   uk    "
"778","updated "
"779"," amen  trump administration   inadequate appointees ignored  warnings misled "
"780","  remember  people  susceptible       circulating    riskits  "
"781",""
"782","actor   father mrgkreddy tested positive   days   vishal  "
"783"," fixed starting    draconian  rules   except  protesters "
"784"," summary  evidence  limitations  information  "
"785",""
"786",""
"787",""
"788",""
"789",""
"790","coronavirus divides bellwether county  wisconsin    grace anymore "
"791"," time  act  unite    corrupt gop regime   follow  resist  "
"792"," watch  please  minimise spreading wearamask  coronavirus mask "
"793","   chart        "
"794","air godhra mhz  message    dilip yadav rto panchmahal   broadcast   pm "
"795",""
"796",""
"797",""
"798",""
"799",""
"800",""
"801",""
"802",""
"803",""
"804",""
"805",""
"806",""
"807",""
"808",""
"809",""
"810","  look   novel method  teaching   pandemic  cv "
"811","qatars announced    recorded    recoveries  people tested "
"812","unless    gop bureaucrat  steve    loved  paid  firehanke sledgehammer "
"813","kicking    toxic toxic   coronaviruspandemic lockdown pandemic"
"814","  economic paradigm  looking tired     change  coming starting    "
"815",""
"816","braincovid    assume     wear  mask    masks  cause    directl "
"817","victorias coronavirus  rise   five  people die    stu "
"818","  miss  conversations   webinars     stored   past webinars    "
"819","news  hee    banned     pay  hospitalisation cost   india  "
"820","administrative errors piling  "
"821","wearamask staysafe     disabled people cant wear  mask   makes     import "
"822","   friends  california     tested    line     left   "
"823","anecdotally ive     patients   "
"824","commonwealth extends support        response "
"825","  facemask  makes  smile mask  friends stay safe   wonder   allows "
"826","bjp leader launches bhabhijipapad claims cure   arjunrammeghwal coronavirus india"
"827","   joke  papad   cures "
"828","     negative slip   allowed   stores  public    safety   th "
"829","cdc calls  schools  reopen downplaying coronavirus risks click  link "
"830"," trump signs deal  seniors amp  drug costs  drop seniors seniorcare drugprices "
"831"," un fao  released   response  recovery program laying  seven key priorities "
"832"," ah  argument  tired "
"833"," founder nishanth dongari tells "
"834"," foyeight  provide businesses   crossindustry solution  addition  helping consumers build trust  "
"835","dear "
"836"," government  announced    restart grant    direct grant aid  micro   busines "
"837",""
"838",""
"839","six   kid   little hill town  tedim chin  myanmar leaving  local clinic  morning  "
"840","       overtime schedule   lives     homebound   able "
"841",""
"842"," "
"843","please remember  heading   avoid  crowds social distance  wear  mask    help sto "
"844"," survival rate  sad    check   survival rate  liver cancer fol "
"845"," borough  offering  clinically vulnerable  overweight  free week membership   weight loss  sc "
"846","        weekend     email    pick   email  monday morning "
"847",""
"848","astrazenecas eagerly awaited  vaccine passes  test  confirmation  "
"849",""
"850","analysis   country   double coronavirus   deaths    days  chart "
"851","tensions  city hall  westminster   growing  weeks  sadiq khan  transport secretary gra "
"852","landlordtenant mediation program launched   program aims  provide housing security  tenants    "
"853","  thats       easy  forget       sudden job loss  abrupt shi "
"854",""
"855","     tradeshows      achieve  levels  engagement   precovid  "
"856","stay safe  weekend "
"857","weve  busy  week talking   partners amp advocating   local mps amp crossborder commissioners abou "
"858","texas trend positivity cumulative daily dayavg dailynewtest data sourc "
"859","dogs  sniff     saliva   people  healthy  infected "
"860","  helping  times   matters  jew     join  help overcome  pandemic  "
"861",""
"862","  podcast  hear  safelives practice consultant lucy giles  emily mccarron  age uk discussing th "
"863"," "
"864",""
"865",""
"866",""
"867",""
"868"," somalia weve completed   isolation centre   galkacyo south hospital  teams   tra "
"869","bishop john hsane hgyi  pathein joins church social workers   moral support  people quarantined  da "
"870",""
"871","bishop john hsane hgyi  pathein joins church social workers   moral support  people quarantined  da "
"872"," support care workers  published  range  booklets drawing   expertise  anna chaplains  "
"873","  government hospitals  "
"874","spare     "
"875",""
"876","herere  lessons  learnt   "
"877",""
"878","knowcovid update  recent update  ncdc     news     brings   "
"879","      default setting  racial capitalism  difference     ruling "
"880","      spanish flu substantial portion   death    people    "
"881"," suggest  main   seasonal flu  "
"882"," flu        severity     spanish flu   death rate    "
"883","   stick   rules    rate  infection  fall stayalert controlthevirus savelives "
"884"," million canadians  cerb  quickly  employment revive   recovery dr ather akbari "
"885","  expanding contact tracing efforts  "
"886","  crisis  growing   rio grande valley  increase    overwhelming medical systems "
"887",""
"888",""
"889",""
"890",""
"891","  confident  business  "
"892","  government advice "
"893","     healthy      nasty illness  "
"894","  cwr world news "
"895","staysafe  weekend   shopping  keeping  physicaldistance  wearing  facecovering learn  "
"896","     ships  sail "
"897","rajasthan government  started  plasma bank  sawai  singh hospital  jaipur  treatment   pa "
"898","time  money solving   require timely costeffective testing  contain  brushfire cdnpoli "
"899","  guess    thankful     elected official especially    "
"900","icymi   offering nocost inhome  testing  eligible residents  live   zip code "
"901","      woods  please practice safe social distancing  united staysafe "
"902","hour trends   data  july july activity rate "
"903","   swing    free  check conditions apply "
"904","epidemiological situation  armenia   sign  abating  past hours    registered  "
"905"," employees  taking  "
"906",""
"907",""
"908","hour trends   data  july july activity rate "
"909","texas death daily total  st date width peak nd date width "
"910"," soon   novel coronavirus   spread    started    organization "
"911","health innovations  "
"912","thanks  yuqiang liu laboratory director    key laboratory  crop genetics amp germplasm enhancement  "
"913","germanys official app  tracking "
"914",""
"915","wendy comments   impact    maternal mental health  newmum  "
"916","looking   tested  "
"917","hey check   website nigeria lagos saturdaythoughts "
"918"," dis  pair  "
"919","bicols   jump  bicolnews "
"920","    disrupted medically  health interventions  cleft surgeries    basic "
"921","  data  am edt "
"922",""
"923"," curves    rising everyday   corona  gold prices cost  corona treatment "
"924","check   soul proposal    spiritual boostreflections  "
"925","deep immune profiling  "
"926","  july pick   month  features changemakers    charity sector  hav "
"927","pandas found  moment    shutdowns    baby check   amazing video "
"928",""
"929","hour trends   data statewide july july activity rate "
"930","      canada  saturday july  "
"931","  currently  strong evidence  people living  "
"932",""
"933","nan      dish     lakh times lockdown  "
"934","rajasthan government  started  plasma bank  sawai  singh hospital  jaipur  treatment   pa "
"935",""
"936",""
"937",""
"938","  oliver wyman false studies  shown  mask mandates  correlated  mitigating   learn   whats  sto maureennairobi"
"939",""
"940",""
"941","  aasiya andrabi amp  aide transfered   punishment cell   time   health  weak amp "
"942","report  th  july total population infected yesterday total deaths "
"943","gyms   safe    follow strict guidance  socialdistancing masks  surface disinfection limiti "
"944"," queue  ikea   queuing  disney   youre near  front   theres  mile   "
"945",""
"946","watch  highlights  ceo  interview     talks   im "
"947","join  crossfunctional panel  gartner experts    free webinar panel discussion adapt   cust "
"948","ni schoolboy crochets cuddly toys  lockdown coronavirus  "
"949","   "
"950",""
"951","   backtoschool reopeningschools "
"952",""
"953",""
"954",""
"955",""
"956",""
"957",""
"958",""
"959",""
"960","  til phmhaveyoursay livestream  youtube pm speak   listen     "
"961"," help slowthespread    key times  mind    clean  sanitize toys amp games learn  "
"962"," lockdown restrictions  easing coronavirus   active   muslims   westmidlands  pro "
"963"," returns  riding  twoweek quarantine "
"964"," "
"965"," lockdown restrictions  easing coronavirus   active   muslims   eastofengland  pr "
"966",""
"967"," lockdown restrictions  easing coronavirus   active   muslims   eastmidlands  pro "
"968","stop  spread  coronavirus   remember  wash  sanitize  hands wear   mask    "
"969","   hope  citizens  note   warning "
"970","obesity increases risks  death   public health england obesity england "
"971"," help  stay     pandemic  beyond   resource page   added  "
"972",""
"973",""
"974","     world   colliding   ongoing hiv epidemic    unaids report  "
"975",""
"976","      middle   pandemic  nonprofits  actually trying  invalidate science   "
"977","    jandhanyojana bank accounts   receive  promised rs  month insecure  fear "
"978","  united kingdom announced stricter socialdistancing rules  month  seismometer  registered  "
"979","maj julia beauchamp  critical care nurse  collingdale pa receives personal protective equipment   pre "
"980",""
"981"," consecutive days   deaths  time  happened    dont worry trump  "
"982",""
"983","customer leaves restaurant staff tip  thank      pandemic stopcovid  "
"984","help slow  spread    identify  risk  sooner  selfreporting  symptoms daily    "
"985","     pandemic   sold tickets    money     heaving   "
"986"," comfort    doing  comfort im feeling comfortable    sir  im feeling bashabl "
"987","texas dailytotal  wkavg st date width peak nd date  "
"988","bermuda newsflash sat july  transferred  skyport  cost   fight  celebrates "
"989"," products  solve  summer hair  theardentblogger hair haircare "
"990","         sit   amp    "
"991","   completes  djsbu alreadyvideo  "
"992"," am offering  charity  publicly debates  subject     vaccine   "
"993"," religion  absolute bullshit   insists   social distancing  ppe   pandemic  youre goin "
"994"," "
"995","   run   facemask blowing    street theres  gonna   nd wave covidiots "
"996","wishing   speedy recovery ji indiafightscorona "
"997","calling  clean air  safe cycling    levenshulme government  literally giving money   emerg "
"998"," matter  age    cause  term effects wonder   shorten overall life span    "
"999"," canada drug imports   china china health healthy healthcareheroes "
"1000",""
